≠,№,Показатели,Считаем сами,Учет населения,Баллы за единицу,Точная формулировка вопроса,Комментарии
,1,Региональная федерация,,,,,Только аккредитованные или все?
,1,   Есть аккредитация,   да,,"0,0005",,
,2,   Есть программа развития,,,"0,005",,"   1. Анализ текущей ситуации или проблематика
2. Перечень конкретных действий
3. Ожидаемые результаты
4. Метрики с повышаюмися цифрами

Взять данные с прошлого года, кто не присылал - запросить + уточнить комментарии
"
,3,   Количество отделений региональной федерации,,да,"0,005",,"   Количество отделений баскетбола помимо основного регионального, определить критерии членства, посоветоваться с юристами"
,4,   Количество членов федерации,,да,"0,008",,   Запросить у Власова
,5,   Наличие антидопинговой работы федерации,,,"0,008",,
,6,   Объем бюджета федерации,,,"0,01",,"   Где-то деньги идут на федерацию, а где-то напрямую в лигу, университет, клуб и т.д. Определить порядок подсчета!
Отдельно дефицит и профицит
Дефицит можно собрать, но не считать"
,7,   Понимание детального дефицита бюджета,,,"0,01","   Есть дефицит бюджета?
Распишите максимально подробно дефицит бюджета.
(На какие статьи и направления не хватает средств и в какой объеме)",   Хотя бы сумма и на какое направление
,8,   Получение гранта РФБ,   да,,"0,02",,
,9,   Получение грантов помимо РФБ,,,"0,03",,
,10,   Наличие попечительского совета,,,"0,03",,   Положение о поп совете
,,   Маркетинг федерации,,,,,
,11,      Федерация с активным официальным сайтом или страницей на сайте РФБ,   Да,,"0,04",,"   Актуальные новости, ежемесячно не менее 2 новостей, начиная с января"
,12,      Федерация с фирменным стилем,,,"0,04","   Наличие фирменного стиля у региональной федерации?
(Фирменное оформление самой региональная федерация или спорта в регионе в целом (Минспорт)
Прикрепите документ, описывающий руководство по использованию фирменного стиля региональной федерации",   Прислать руководство по использованию фирменного стиля
,,      Федерация с собственным логотипом,   Да,,7,,
,13,      Федерация с активным сообществом ВКонтакте,   Да,,"0,05",,"   Открытое сообщество, не менее 500 человек, ежемесячно не менее 2 постов, начиная с января"
,14,      Федерация с  активным Telegram-каналом,,,"0,1",,"   Ежемесячно не менее 2 постов, начиная с марта"
,2,Общие критерии для региона,,,,,
,15,   Базовый вид спорта,   да,,"0,1",,
,16,   Количество занимающихся в регионе по данным Минспорта,   да,да,"0,1","   Еслии не найдем, не включаем",   Прикрепить 
,,   Спортивные объекты,,,,,
,,      Крытые площадки,,,,,
,17,"Стандартные крытые баскетбольные площадки, входящие в единый реестр объектов спорта",,да,"0,1",,"      1. ВТБ
2. Суперлига
3. СЛ РЖД
4. ДЮБЛ
5. Еврокубок
6. Евролига
7. КЭС-Баскет / ЛОКО-Баскет"
,18,"Стандартные крытые баскетбольные площадки, входящие в единый реестр объектов спорта, с 1 000 и более посадочных мест ",,да,"0,15",,
,19,"Стандартные крытые баскетбольные площадки, входящие в единый реестр объектов спорта, с 5 000 и более посадочных мест",,да,"0,15",,
,,      Уличные площадки,,,"0,17",,
,20,         Площадки с 1-2 кольцами,,да,"0,17",,
,21,         ЦУБы с 3 и более кольцами,,да,"0,17",,
,,      Участие в инфрастукнурных проектах,,,,,
5х5,3,Сборные команды России 5х5,,,,,
,,   Мужчины,,,,,"1. Баллы присваиваются за каждого игрока, который участвовал в сборах сборной команды России
2. Если игрок сменил несколько регионов, каждый из регионов получает за него баллы
3. Считается, что игрок представляет регион, если по паспорту баскетболиста он числился в командах региона не менее 3 полных сезонов"
,22,      Сборная U14,   да,да,"0,2","Количество воспитанников из региона, попавших в мужскую сборную команду России U14 и участвовавших в тренировочных сборах",
,23,      Сборная U15,   да,да,"0,2","Количество воспитанников из региона, попавших в мужскую сборную команду России U15 и участвовавших в тренировочных сборах",
,24,      Сборная U16,   да,да,"0,2","Количество воспитанников из региона, попавших в мужскую сборную команду России U16 и участвовавших в тренировочных сборах",
,25,      Сборная U17,   да,да,"0,2","Количество воспитанников из региона, попавших в мужскую сборную команду России U17 и участвовавших в тренировочных сборах",
,26,      Сборная U18,   да,да,"0,27","Количество воспитанников из региона, попавших в мужскую сборную команду России U18 и участвовавших в тренировочных сборах",
,27,      Сборная U19,   да,да,"0,3","Количество воспитанников из региона, попавших в мужскую сборную команду России U19 и участвовавших в тренировочных сборах",
,28,      Сборная U20,   да,да,"0,33","Количество воспитанников из региона, попавших в мужскую сборную команду России U20 и участвовавших в тренировочных сборах",
,29,      Студенческая сборная,   да,да,"0,33","Количество воспитанников из региона, попавших в мужскую студенческую сборную команду России и участвовавших в тренировочных сборах",
,30,      Национальная сборная,   да,да,"0,4","Количество воспитанников из региона, попавших в мужскую национальную сборную команду России и участвовавших в тренировочных сборах",
,,   Женщины,,,,,"1. Баллы присваиваются за каждого игрока, который участвовал в сборах сборной команды России
2. Если игрок сменил несколько регионов, каждый из регионов получает за него баллы
3. Считается, что игрок представляет регион, если по паспорту баскетболиста он числился в командах региона не менее 3 полных сезонов"
,31,      Сборная U14,   да,да,"0,4","Количество воспитанников из региона, попавших в женскую сборную команду России U14 и участвовавших в тренировочных сборах",
,32,      Сборная U15,   да,да,"0,4","Количество воспитанников из региона, попавших в женскую сборную команду России U15 и участвовавших в тренировочных сборах",
,33,      Сборная U16,   да,да,"0,5","Количество воспитанников из региона, попавших в женскую сборную команду России U16 и участвовавших в тренировочных сборах",
,34,      Сборная U17,   да,да,"0,5","Количество воспитанников из региона, попавших в женскую сборную команду России U17 и участвовавших в тренировочных сборах",
,35,      Сборная U18,   да,да,"0,5","Количество воспитанников из региона, попавших в женскую сборную команду России U18 и участвовавших в тренировочных сборах",
,36,      Сборная U19,   да,да,"0,5","Количество воспитанников из региона, попавших в женскую сборную команду России U19 и участвовавших в тренировочных сборах",
,37,      Сборная U20,   да,да,"0,5","Количество воспитанников из региона, попавших в женскую сборную команду России U20 и участвовавших в тренировочных сборах",
,38,      Студенческая сборная,   да,да,"0,5","Количество воспитанников из региона, попавших в женскую студенческую сборную команду России и участвовавших в тренировочных сборах",
,39,      Национальная сборная,   да,да,"0,5","Количество воспитанников из региона, попавших в женскую национальную сборную команду России и участвовавших в тренировочных сборах",
5х5,4,Профессиональный баскетбол 5х5,,,,,
,40,   Воспитанники мужчины из региона в местных в проф клубах,,да,"0,5","Общее количество мужских воспитанников из региона, выступающих за местные профессиональные клубы в Суперлиге 2, Суперлиге 1, Кубке России, ЕЛ ВТБ, Еврокубке ФИБА, Еврокубке (Евролига), Лиге Чемпионов ФИБА или Евролиге","   Если 4 полных сезона до 20 лет игрок числился спортивной школе или клубе, можно 2 региона. Проверяем только игроков до 2000 гр включительно"
,41,   Воспитанники женщины из региона в местных в проф клубах,,да,"0,5","Общее количество женских воспитанников из региона, выступающих за местные профессиональные клубы в Суперлиге 2, Суперлиге 1, Кубке России, Премьер лиге, Еврокубке ФИБА или Евролиге ФИБА","   Если 4 полных сезона до 20 лет игрок числился спортивной школе или клубе, можно 2 региона. Проверяем только игроков до 2000 гр включительно"
,,   Маркетинг профессиональных клубов,,,,,
,42,      Клуб с активным официальным сайтом,,,"0,5",,"   Актуальные новости, календарь, результаты игр, состав"
,43,      Клуб с фирменным стилем,,,"0,5",,
,44,      Клуб с активным сообществом ВКонтакте,,,"0,53",,   Регулярность публикаций  не менее 2-3 публикации в месяц в активной части сезона
,45,      Клуб с активным Telegram-каналом,,,"0,6",,   Регулярность публикаций  не менее 2-3 публикации в месяц в активной части сезона
,46,      Клуб с билетной программой,,,"0,6",,"   Наличие страницы, на которой продаются билеты"
,47,      Клуб с взаимодействием с крупным партнером,,,"0,6",,   До 15 баллов региону на усмотрение департамента маркетинга
,,   Участие команд в профессиональных лигах мужчины,,,,,
,,      Команда в отборочном турнире к КР (кубок Тараканова),   да,да,"0,6",,
,48,      Команда в проф межрегиональных соревнованиях,   да,да,"0,6",,
,49,      Команда в Высшей лиге,   да,да,"0,6","Общее колличество мужских команд, представляющих регион в Суперлиге 2",
,50,      Команда в Суперлиге ,   да,да,"0,6","Общее колличество мужских команд, представляющих регион в Суперлиге 1",
,51,      Команда в Кубке России,   да,да,"0,15","Общее колличество мужских команд, представляющих регион в Кубке России",
,52,      Команда в ЕЛ ВТБ,   да,да,"0,7","Общее колличество мужских команд, представляющих регион в ЕЛ ВТБ",
,53,      Команда в Кубке Европы ФИБА,   да,да,"0,7","Общее колличество мужских команд, представляющих регион в Еврокубке ФИБА",
,54,      Команда в Еврокубке (Евролига),   да,да,"0,75","Общее колличество мужских команд, представляющих регион в Еврокубке (Евролига)",
,55,      Команда в Лиге Чемпионов ФИБА,   да,да,"0,75","Общее колличество мужских команд, представляющих регион в Лиге Чемпионов ФИБА",
,56,      Команда в Евролиге,   да,да,"0,75","Общее колличество мужских команд, представляющих регион в Евролиге",
,,   Участие команд в профессиональных лигах женщины,,,,,
,,      Команда в отборочном турнире к КР (кубок Берлина),   да,да,"0,8",,
,57,      Команда в проф межрегиональных соревнованиях,   да,да,"0,8",,
,58,      Команда в Высшей лиге,   да,да,"0,8","Общее колличество женских команд, представляющих регион в Суперлиге 2",
,59,      Команда в Суперлиге ,   да,да,"0,8","Общее колличество женских команд, представляющих регион в Суперлиге 1",
,60,      Команда в Кубке России,   да,да,"0,8","Общее колличество женских команд, представляющих регион в Кубке России",
,61,      Команда в Премьер лиге,   да,да,"0,8","Общее колличество женских команд, представляющих регион в Премьер лиге",
,62,      Команда в Еврокубке ФИБА,   да,да,"0,8","Общее колличество женских команд, представляющих регион в Еврокубке ФИБА",
,63,      Команда в Евролиге ФИБА,   да,да,"0,8","Общее колличество женских команд, представляющих регион в Евролиге ФИБА",
,,   Призовые места в профессиональных лигах мужчины,,,,,
,,      3 место в Кубке Тараканова,   да,,"0,8",,
,,      2 место в Кубке Тараканова,   да,,1,,
,,      1 место в Кубке Тараканова,   да,,1,,
,64,      3 место в проф межрегиональных соревнованиях,   да,,1,,
,65,      2 место в проф межрегиональных соревнованиях,   да,,1,,
,66,      1 место в проф межрегиональных соревнованиях,   да,,1,,
,67,      3 место в Высшей лиге,   да,,1,"Мужская команда, представляющая регион заняла 3 место в Суперлиге 2",
,68,      2 место в Высшей лиге,   да,,1,"Мужская команда, представляющая регион заняла 2 место в Суперлиге 2",
,69,      1 место в Высшей лиге,   да,,1,"Мужская команда, представляющая регион заняла 1 место в Суперлиге 2",
,70,      3 место в Суперлиге ,   да,,1,"Мужская команда, представляющая регион заняла 3 место в Суперлиге 1",
,71,      2 место в Суперлиге ,   да,,1,"Мужская команда, представляющая регион заняла 2 место в Суперлиге 1",
,72,      1 место в Суперлиге ,   да,,1,"Мужская команда, представляющая регион заняла 1 место в Суперлиге 1",
,73,      3 место в Кубке России,   да,,1,"Мужская команда, представляющая регион заняла 3 место в Кубке России",
,74,      2 место в Кубке России,   да,,1,"Мужская команда, представляющая регион заняла 2 место в Кубке России",
,75,      1 место в Кубке России,   да,,1,"Мужская команда, представляющая регион заняла 1 место в Кубке России",
,76,      1 место в Суперкубке,   да,,1,,
,77,      3 место в ЕЛ ВТБ,   да,,1,"Мужская команда, представляющая регион заняла 3 место в ЕЛ ВТБ",
,78,      2 место в ЕЛ ВТБ,   да,,1,"Мужская команда, представляющая регион заняла 2 место в ЕЛ ВТБ",
,79,      1 место в ЕЛ ВТБ,   да,,1,"Мужская команда, представляющая регион заняла 1 место в ЕЛ ВТБ",
,80,      3 место в Кубке Европы ФИБА,   да,,1,"Мужская команда, представляющая регион заняла 3 место в Еврокубке ФИБА",
,81,      2 место в Кубке Европы ФИБА,   да,,1,"Мужская команда, представляющая регион заняла 2 место в Еврокубке ФИБА",
,82,      1 место в Кубке Европы ФИБА,   да,,1,"Мужская команда, представляющая регион заняла 1 место в Еврокубке ФИБА",
,83,      3 место в Еврокубке (Евролига),   да,,1,"Мужская команда, представляющая регион заняла 3 место в Евролиге",
,84,      2 место в Еврокубке (Евролига),   да,,1,"Мужская команда, представляющая регион заняла 2 место в Евролиге",
,85,      1 место в Еврокубке (Евролига),   да,,1,"Мужская команда, представляющая регион заняла 1 место в Евролиге",
,86,      3 место в Лиге Чемпионов ФИБА,   да,,1,"Мужская команда, представляющая регион заняла 3 место в Лиге Чемпионов ФИБА",
,87,      2 место в Лиге Чемпионов ФИБА,   да,,1,"Мужская команда, представляющая регион заняла 2 место в Лиге Чемпионов ФИБА",
,88,      1 место в Лиге Чемпионов ФИБА,   да,,1,"Мужская команда, представляющая регион заняла 1 место в Лиге Чемпионов ФИБА",
,89,      3 место в Евролиге,   да,,1,"Мужская команда, представляющая регион заняла 3 место в Евролиге",
,90,      2 место в Евролиге,   да,,1,"Мужская команда, представляющая регион заняла 2 место в Евролиге",
,91,      1 место в Евролиге,   да,,"1,2","Мужская команда, представляющая регион заняла 1 место в Евролиге",
,,   Призовые места в профессиональных лигах женщины,,,,,
,,      3 место в Кубке Берлина,   да,,"1,2",,
,,      2 место в Кубке Берлина,   да,,"1,2",,
,,      1 место в Кубке Берлина,   да,,"1,2",,
,91,      3 место в проф межрегиональных соревнованиях,   да,,"1,2",,
,92,      2 место в проф межрегиональных соревнованиях,   да,,"0,6",,
,93,      1 место в проф межрегиональных соревнованиях,   да,,"0,3",,
,94,      3 место в Высшей лиге,   да,,"0,3","Женская команда, представляющая регион заняла 3 место в Суперлиге 2",
,95,      2 место в Высшей лиге,   да,,"1,5","Женская команда, представляющая регион заняла 2 место в Суперлиге 2",
,96,      1 место в Высшей лиге,   да,,"1,5","Женская команда, представляющая регион заняла 1 место в Суперлиге 2",
,97,      3 место в Суперлиге ,   да,,"1,5","Женская команда, представляющая регион заняла 3 место в Суперлиге 1",
,98,      2 место в Суперлиге ,   да,,"1,5","Женская команда, представляющая регион заняла 2 место в Суперлиге 1",
,99,      1 место в Суперлиге ,   да,,"1,5","Женская команда, представляющая регион заняла 1 место в Суперлиге 1",
,100,      3 место в Кубке России,   да,,"1,5","Женская команда, представляющая регион заняла 3 место в Кубке России",
,101,      2 место в Кубке России,   да,,"1,6","Женская команда, представляющая регион заняла 2 место в Кубке России",
,102,      1 место в Кубке России,   да,,"1,6","Женская команда, представляющая регион заняла 1 место в Кубке России",
,,      1 место в Суперкубке,   да,,"1,6",,
,103,      3 место в Премьер лиге,   да,,"1,6","Женская команда, представляющая регион заняла 3 место в Премьер лиге",
,104,      2 место в Премьер лиге,   да,,"1,7","Женская команда, представляющая регион заняла 2 место в Премьер лиге",
,105,      1 место в Премьер лиге,   да,,"1,7","Женская команда, представляющая регион заняла 1 место в Премьер лиге",
,106,      3 место в Еврокубке ФИБА,   да,,"1,7","Женская команда, представляющая регион заняла 3 место в Еврокубке ФИБА",
,107,      2 место в Еврокубке ФИБА,   да,,"1,7","Женская команда, представляющая регион заняла 2 место в Еврокубке ФИБА",
,108,      1 место в Еврокубке ФИБА,   да,,"1,7","Женская команда, представляющая регион заняла 1 место в Еврокубке ФИБА",
,109,      3 место в Евролиге ФИБА,   да,,"1,7","Женская команда, представляющая регион заняла 3 место в Евролиге ФИБА",
,110,      2 место в Евролиге ФИБА,   да,,"1,7","Женская команда, представляющая регион заняла 2 место в Евролиге ФИБА",
,111,      1 место в Евролиге ФИБА,   да,,"1,7","Женская команда, представляющая регион заняла 1 место в Евролиге ФИБА",
5х5,5,Резерв 5х5,,,,,
,112,"   Воспитанник из региона, играющий за проф команды – мужчины",,да,"1,7",,Если числился в спортивной школе региона не менее 3 лет. Проверяем только игроков до 2000 гр включительно
,113,"   Воспитанник из региона, играющий за проф команды – женщины",,да,"1,08",,Если числился в спортивной школе региона не менее 3 лет. Проверяем только игроков до 2000 гр включительно
,,   Первенство России количество команд мужчины,,,,,
,114,      Команды в ПР юноши до 14-16 лет (межрегиональный этап),   да,   да,"1,8","Общее колличество мужских команд, представляющих регион в Первенстве России, участвующих в 3 категориях от 14 до 16 лет",
,115,      Команды в ПР юноши до 14-16 лет (1-й раунд полуфинала),   да,   да,"1,8",,
,116,      Команды в ПР юноши до 14-16 лет (2-й раунд полуфинала),   да,   да,"1,8",,
,117,      Команды в ПР юноши до 14-16 лет (3-й раунд полуфинала),   да,   да,2,,
,118,      Команды в ПР юноши до 14-16 лет (финал),   да,   да,2,,
,119,      Команды в ПР Юноши до 17-18 лет (межрегиональный этап),   да,   да,2,"Общее колличество мужских команд, представляющих регион в Первенстве России, участвующих в 2 категориях от 17 до 18 лет",
,121,      Команды в ПР Юноши до 17-18 лет (полуфинал),   да,   да,2,,
,123,      Команды в ПР Юноши до 17-18 лет (финал),   да,   да,2,,
,,   ДЮБЛ количество команд мужчины,,,,,
,124,      Команды в предварительном этапе ДЮБЛ,   да,   да,2,"Колличество мужских команд, представляющих регион в Первенстве России, участвующих в категории до 19 лет (ДЮБЛ)",
,128,      Команды в финале ДЮБЛ,   да,   да,2,,
,,   ЕМЛ ВТБ количество команд мужчины,,,,,
,129,      Команды в регулярном чемпионате  до 21 года (ЕМЛ ВТБ) ,   да,   да,2,"Участие мужской команды, представляющих регион в Первенстве России, в категории до 21 года (ЕМЛ ВТБ)",
,133,      Команды в финале чемпионата до 21 года ЕМЛ ВТБ,   да,   да,2,,
,,   Первенство России количество команд женщины,,,,,
,134,      Команды в ПР девушки до 14-16 лет  (межрегиональный этап),   да,да,2,"Общее колличество женских команд, представляющих регион в Всероссийских соревнованиях , участвующих в 3 категориях от 14 до 16 лет",
,135,      Команды в ПР девушки до 14-16 лет  (1-й раунд полуфинала),   да,да,2,,
,136,      Команды в ПР девушки до 14-16 лет  (2-й раунд полуфинала),   да,да,2,,
,137,      Команды в ПР девушки до 14-16 лет (3-й раунд полуфинала),   да,да,2,,
,138,      Команды в ПР девушки до 14-16 лет  (финал),   да,да,2,,
,139,      Команды в ПР юниорки до 17-18 лет  (межрегиональный этап),   да,да,2,"Общее колличество женских команд, представляющих регион в Первенстве России, участвующих в 2 категориях от 17 до 18 лет",
,141,      Команды в ПР юниорки до 17-18 лет  (полуфинал),   да,да,2,,
,143,      Команды в ПР юниорки до 17-18 лет  (финал),   да,да,2,,
,,   ДЮБЛ количество команд женщины,,,,,
,144,      Команды в предварительном этапе ДЮБЛ,   да,да,"2,4","Колличество женских команд, представляющих регион в Первенстве России, участвующих в категории до 19 лет (ДЮБЛ)",
,148,      Команды в финале ДЮБЛ,   да,да,"2,4",,
,,   Призовые места в Первенстве России мужчины,,,,,
,149,      3 место в ПР юноши до 14 лет,   да,,"2,4",,
,150,      2 место в ПР юноши до 14 лет,   да,,"2,4",,
,151,      1 место в ПР юноши до 14 лет,   да,,"2,4",,
,152,      3 место в ПР юноши до 15 лет,   да,,2,,
,153,      2 место в ПР юноши до 15 лет,   да,,"2,5",,
,154,      1 место в ПР юноши до 15 лет,   да,,"2,5",,
,155,      3 место в ПР юноши до 16 лет,   да,,"2,5",,
,156,      2 место в ПР юноши до 16 лет,   да,,"2,5",,
,157,      1 место в ПР юноши до 16 лет,   да,,"2,5",,
,158,      3 место в ПР юноши до 17 лет,   да,,"2,5",,
,159,      2 место в ПР юноши до 17 лет,   да,,"2,5",,
,160,      1 место в ПР юноши до 17 лет,   да,,"2,5",,
,161,      3 место в ПР юноши до 18 лет,   да,,"2,5",,
,162,      2 место в ПР юноши до 18 лет,   да,,"2,5",,
,163,      1 место в ПР юноши до 18 лет,   да,,"2,5",,
,164,      3 место в  (ДЮБЛ),   да,,"2,5",,
,165,      2 место в  (ДЮБЛ),   да,,"2,5",,
,166,      1 место в  (ДЮБЛ),   да,,3,,
,167,      3 место в  (ЕМЛ ВТБ),   да,,3,,
,168,      2 место в  (ЕМЛ ВТБ),   да,,3,,
,169,      1 место в  (ЕМЛ ВТБ),   да,,3,,
,,   Призовые места в Первенстве России женщины,,,,,
,170,      3 место в ПР девушки до 14 лет,   да,,3,,
,171,      2 место в ПР девушки до 14 лет,   да,,3,,
,172,      1 место в ПР девушки до 14 лет,   да,,3,,
,173,      3 место в ПР девушки до 15 лет,   да,,3,,
,174,      2 место в ПР девушки до 15 лет,   да,,3,,
,175,      1 место в ПР девушки до 15 лет,   да,,3,,
,176,      3 место в ПР девушки до 16 лет,   да,,3,,
,177,      2 место в ПР девушки до 16 лет,   да,,3,,
,178,      1 место в ПР девушки до 16 лет,   да,,3,,
,179,      3 место в ПР девушки до 17 лет,   да,,3,,
,180,      2 место в ПР девушки до 17 лет,   да,,3,,
,181,      1 место в ПР девушки до 17 лет,   да,,3,,
,182,      3 место в ПР девушки до 18 лет,   да,,3,,
,183,      2 место в ПР девушки до 18 лет,   да,,3,,
,184,      1 место в ПР девушки до 18 лет,   да,,3,,
,185,      3 место в  (ДЮБЛ),   да,,3,,
,186,      2 место в  (ДЮБЛ),   да,,3,,
,187,      1 место в (ДЮБЛ),   да,,3,,
5х5,6,Массовый баскетбол 5х5,,,,,
,,   Школьный баскетбол (Локобаскет),,,,,
,,      Участие мужских команд,,,,,
,188,         Команда в региональных соревнованиях Локобаскет,   да,да,3,,
,189,         Команда во Всероссийском финале Локобаскет,   да,да,3,,
,,      Участие женских команд,,,,,
,190,         Команда в региональных соревнованиях Локобаскет,   да,да,3,,
,191,         Команда во Всероссийском финале Локобаскет,   да,да,3,,
,,      Призовые места в лигах мужчины,,,,,
,192,         3 место в Финале ФО Локобаскет,   да,,3,,
,193,         2 место в Финале ФО Локобаскет,   да,,3,,
,194,         1 место в Финале ФО Локобаскет,   да,,3,,
,195,         3 место во Всероссийском финале Локобаскет,   да,,3,,
,196,         2 место во Всероссийском финале Локобаскет,   да,,3,,
,197,         1 место во Всероссийском финале Локобаскет,   да,,3,,
,,      Призовые места в лигах женщины,,,,,
,198,         3 место в Финале ФО Локобаскет,   да,,3,,
,199,         2 место в Финале ФО Локобаскет,   да,,"3,3",,
,200,         1 место в Финале ФО Локобаскет,   да,,"3,3",,
,201,         3 место во Всероссийском финале Локобаскет,   да,,"3,3",,
,202,         2 место во Всероссийском финале Локобаскет,   да,,"3,3",,
,203,         1 место во Всероссийском финале Локобаскет,   да,,"3,3",,
,,   Школьный баскетбол (КЭС-Баскет),,,,"   Добавить историю маркетинговую
Добавить информационное сопровождение региона (предложение от КЭС)
Муниципалиттеты не учитываем
Игры не считаем",
,,      Участие мужских команд,,,,,
,179,         Команда в региональных соревнованиях КЭС-Баскет,   да,да,"3,3",,
,180,         Команда в Суперфинале КЭС-Баскет,   да,да,"3,3",,
,,      Участие женских команд,,,,,
,181,         Команда в региональных соревнованиях КЭС-Баскет,   да,да,"3,3",,
,182,         Команда в Суперфинале КЭС-Баскет,   да,да,"3,3",,
,,      Призовые места в лигах мужчины,,,,,
,183,         3 место в Финале ФО КЭС-Баскет,   да,,"3,3",,
,184,         2 место в Финале ФО КЭС-Баскет,   да,,"3,3",,
,185,         1 место в Финале ФО КЭС-Баскет,   да,,"3,3",,
,186,         3 место в Суперфинале КЭС-Баскет,   да,,"3,3",,
,187,         2 место в Суперфинале КЭС-Баскет,   да,,"3,3",,
,188,         1 место в Суперфинале КЭС-Баскет,   да,,"3,3",,
,,      Призовые места в лигах женщины,,,,,
,189,         3 место в Финале ФО КЭС-Баскет,   да,,"3,3",,
,190,         2 место в Финале ФО КЭС-Баскет,   да,,"3,3",,
,191,         1 место в Финале ФО КЭС-Баскет,   да,,"3,5",,
,192,         3 место в Суперфинале КЭС-Баскет,   да,,"3,5",,
,193,         2 место в Суперфинале КЭС-Баскет,   да,,"3,7",,
,194,         1 место в Суперфинале КЭС-Баскет,   да,,"3,7",,
,,   Студенческий баскетбол (АСБ),,,,,
,,      Мужские дивизионы,,,,,
,195,         Региональный дивизион Старт АСБ,   да,,"3,5",,
,196,         Региональный дивизион Базовый АСБ,   да,,"7,5",,
,197,         Региональный дивизион Топ АСБ,   да,,"10,5",,
,,      Женские дивизионы,,,,,
,198,         Региональный дивизион Старт АСБ,   да,,"3,5",,
,199,         Региональный дивизион Базовый АСБ,   да,,"7,5",,
,200,         Региональный дивизион Топ АСБ,   да,,"10,5",,
,,      Участие студенческих мужских команд,,,,,
,201,         Команда в региональном дивизионе АСБ,   да,да,4,,
,202,         Команда в высшем дивизионе АСБ,   да,да,4,,
,203,         Команда в Лиге Белова,   да,да,4,,
,204,         Команда в СЛ РЖД,   да,да,4,,
,,      Участие студенческих женских команд,,,,,
,205,         Команда в региональном дивизионе АСБ,   да,да,4,,
,206,         Команда в высшем дивизионе АСБ,   да,да,4,,
,207,         Команда в Лиге Белова,   да,да,"1,8",,
,208,         Команда в СЛ РЖД,   да,да,3,,
,,      Призовые места в студенческих лигах мужчины,,,,,
,209,         3 место в Высшем дивизионе,   да,,5,,
,210,         2 место в Высшем дивизионе,   да,,5,,
,211,         1 место в Высшем дивизионе,   да,,5,,
,212,         3 место в СЛ РЖД,   да,,5,,
,213,         2 место в СЛ РЖД,   да,,5,,
,214,         1 место в СЛ РЖД,   да,,5,,
,215,         3 место в ЛБ,   да,,5,,
,216,         2 место в ЛБ,   да,,5,,
,217,         1 место в ЛБ,   да,,5,,
,,      Призовые места в студенческих лигах женщины,,,,,
,218,         3 место в Высшем дивизионе,   да,,5,,
,219,         2 место в Высшем дивизионе,   да,,5,,
,220,         1 место в Высшем дивизионе,   да,,5,,
,221,         3 место в СЛ РЖД,   да,,5,,
,222,         2 место в СЛ РЖД,   да,,5,,
,223,         1 место в СЛ РЖД,   да,,5,,
,224,         3 место в ЛБ,   да,,5,,
,225,         2 место в ЛБ,   да,,5,,
,226,         1 место в ЛБ,   да,,5,,
,,   Любительский баскетбол (МЛБЛ),,,,,
,,      Мужские дивизионы,,,,,
,229,         Региональная зимняя/летняя лига мужская,   да,,5,,
,230,         Региональный мужской любительский дивизион НЕ МЛБЛ,,,8,,"   Подписанное положение представителями власти, длительность соревнования не менее 3 недель"
,231,         Региональный мужской дивизион МЛБЛ,   да,,10,,
,,      Женские дивизионы,,,,,
,232,         Региональная зимняя/летняя лига женская,   да,,5,,
,233,         Региональный женский любительский дивизион НЕ МЛБЛ,,,8,   Официальные любительские соревнования,"   Подписанное положение представителями власти, длительность соревнования не менее 3 недель"
,234,         Региональный женский дивизион МЛБЛ,   да,,10,,
,,      Участие любительских мужских команд,,,,,
,235,         Команда в региональном дивизионе МЛБЛ,   да,да,5,,
,236,         Команда в финале ФО или 1 лиге МЛБЛ,   да,да,5,,
,237,         Команда в Суперфинале МЛБЛ,   да,да,5,,
,,      Участие любительских женских команд,,,,,
,238,         Команда в региональном дивизионе МЛБЛ,   да,да,5,,
,239,         Команда в финале ФО или 1 лиге МЛБЛ,   да,да,5,,
,240,         Команда в Суперфинале МЛБЛ,   да,да,5,,
,,      Участие любительских детских команд,,,,,
,,      Команда в детских любительских чемпионатах,   да,да,5,,
,,      Призовые места в любительских лигах мужчины,,,,,
,241,         3 место в Финале ФО или 1 лиге МЛБЛ,   да,,"1,5",,
,242,         2 место в Финале ФО или 1 лиге МЛБЛ,   да,,5,,
,243,         1 место в Финале ФО или 1 лиге МЛБЛ,   да,,5,,
,244,         3 место в Суперфинале МЛБЛ,   да,,5,,
,245,         2 место в Суперфинале МЛБЛ,   да,,5,,
,246,         1 место в Суперфинале МЛБЛ,   да,,5,,
,,      Призовые места в любительских лигах женщины,,,,,
,247,         3 место в Финале ФО или 1 лиге МЛБЛ,   да,,"1,5",,
,248,         2 место в Финале ФО или 1 лиге МЛБЛ,   да,,3,,
,249,         1 место в Финале ФО или 1 лиге МЛБЛ,   да,,5,,
,250,         3 место в Суперфинале МЛБЛ,   да,,5,,
,251,         2 место в Суперфинале МЛБЛ,   да,,5,,
,252,         1 место в Суперфинале МЛБЛ,   да,,5,,
,,      Количество матчей,,,,,
,253,         Сыгранные мужские матчи МЛБЛ,   да,да,5,,
,254,         Сыгранные женские матчи МЛБЛ,   да,да,5,,
,,   Первенство России среди ветеранов (ПРСВ),,,,,
,,      Участие мужских команд ветераны,,,,,
,255,         Команда ветеранов 40+,   да,да,5,,
,256,         Команда ветеранов 45+,   да,да,5,,
,257,         Команда ветеранов 50+,   да,да,5,,
,258,         Команда ветеранов 55+,   да,да,5,,
,259,         Команда ветеранов 60+,   да,да,5,,
,260,         Команда ветеранов 65+,   да,да,5,,
,,      Участие женских команд ветераны,,,,,
,261,         Команда ветеранов 40+,   да,да,5,,
,262,         Команда ветеранов 45+,   да,да,"5,5",,
,,      Призовые места ветераны мужчины,,,,,
,263,         3 место ветераны 40+,   да,,"5,5",,
,264,         2 место ветераны 40+,   да,,"5,7",,
,265,         1 место ветераны 40+,   да,,"5,7",,
,266,         3 место ветераны 45+,   да,,"5,8",,
,267,         2 место ветераны 45+,   да,,"5,8",,
,268,"         0,5",   да,,6,,
,269,         3 место ветераны 50+,   да,,6,,
,270,         2 место ветераны 50+,   да,,6,,
,271,         1 место ветераны 50+,   да,,6,,
,272,         3 место ветераны 55+,   да,,6,,
,273,         2 место ветераны 55+,   да,,6,,
,274,         1 место ветераны 55+,   да,,6,,
,275,         3 место ветераны 60+,   да,,6,,
,276,         2 место ветераны 60+,   да,,6,,
,277,         1 место ветераны 60+,   да,,6,,
,278,         3 место ветераны 65+,   да,,6,,
,279,         2 место ветераны 65+,   да,,"6,7",,
,280,         1 место ветераны 65+,   да,,"6,7",,
,,      Призовые места ветераны женщины,,,,,
,281,         3 место ветераны 40+,   да,,"6,7",,
,282,         2 место ветераны 40+,   да,,"6,7",,
,283,         1 место ветераны 40+,   да,,"6,7",,
,284,         3 место ветераны 45+,   да,,"6,7",,
,285,         2 место ветераны 45+,   да,,"6,7",,
,286,         1 место ветераны 45+,   да,,"6,7",,
,,         Минибаскет участие команд,,,,,
,,         Участие команд юношей,,,"0,5",,
,,         Участие команд девушек,,,"0,5",,
,,         Минибаскет призовые места юноши,,,,,
,,         3 место минибаскет юноши,,,"0,8",,
,,         2 место минибаскет юноши,,,"1,6",,
,,         1 место минибаскет юноши,,,"2,4",,
,,         Минибаскет призовые места юноши,,,,,
,,         3 место минибаскет юноши,,,"0,8",,
,,         2 место минибаскет юноши,,,"1,6",,
,,         1 место минибаскет юноши,,,"2,4",,
5х5,7,Баскетбольные мероприятия 5х5,,,,,"Отдельно мероприятия мужских и женских соренований, даже если проходят в одно время и в одном месте"
,,   Профессиональный баскетбол и сборные мероприятия,,,,,
,,      Тур проф межрегиональных соревнований,   да,,"6,7",,
,287,      Финал проф межрегиональных соревнований,   да,,"6,7",,
,,      Финал четырех Кубка Тараканова/ Кубка Берлина,   да,,"6,7",,
,,      Финал четырех Высшей лиги,   да,,7,,
,288,      Матч или тур национальной сборной,   да,,7,,
,,      Финал четырех КР,   да,,7,,
,289,      Матч звезд ЕЛ ВТБ,   да,,7,,
,,   Первенство России мероприятия,,,,,
,290,      Тур межрегиональных соревнований ПР,   да,,7,,
,291,      Тур полуфинального этапа ПР,   да,,7,,
,292,      Тур финального этапа ПР,   да,,7,,
,,   Локобаскет мероприятия,,,,,
,293,      Финал Федерального округа Локобаскет,   да,,7,,
,294,      Суперфинал Локобаскет,   да,,7,,
,,   КЭС-Баскет мероприятия,,,,,
,295,      Финал Федерального округа КЭС-Баскет,   да,,7,,
,296,      Суперфинал КЭС-Баскет,   да,,7,,
,,   АСБ мероприятия,,,,,
,297,      Финал высшего дивизиона АСБ,   да,,"7,5",,
,298,      Финал 8 СЛ РЖД среди мужчин,   да,,"7,5",,
,,      Финал 8 СЛ РЖД среди женщин,   да,,"7,5",,
,299,      Матч звезд АСБ,   да,,"7,5",,
,300,      Суперфинал АСБ,   да,,"7,5",,
,,   МЛБЛ мероприятия,,,,,
,301,      Финал ФО или 1 лиги МЛБЛ,   да,,"7,5",,
,,      Суперкубок МЛБЛ,   да,,"7,5",,
,302,      Суперфинал МЛБЛ,   да,,"7,5",,
,,      Всероссийский матч звезд МЛБЛ,   да,,"7,5",,
5х5,8,Судьи и тренеры 5х5,,,,,
,303,   Статистик с лицензией РФБ,   да,да,"7,5",,
,304,   Секретарь с лицензией РФБ,   да,да,"7,5",,
,305,   Статистик с лицензией Фиба,   да,да,"7,5",,
,306,   Секретарь с лицензией Фиба,   да,да,"7,5",,
,,   Судьи в поле 5х5,,,,,
,307,      Судья 5 корзины,   да,да,8,,"Добавить судей 3,2,1 и всероссийской категории, отвечают регионы"
,,      Судья 4 корзины,   да,да,8,,
,308,      Судья 1-3 корзины по рейтингу,   да,да,8,,
,309,      Судья Фиба,   да,да,"8,3",,
,310,      Назначение судьи на игру Фиба,   да,,9,,
,311,      Судейский очный семинар 5х5 с инструктором РФБ,   да,да,9,,
,,   Комиссары 5х5,,,,,
,311,      Комиссар 5 корзины,   да,да,9,,
,,      Комиссар 4 корзины,   да,да,9,,
,312,      Комиссар 1-3 корзины по рейтингу,   да,да,9,,
,313,      Комиссар Фиба,   да,да,10,,"   Добавить национальных инструкторов, система наставничества"
,314,      Назначение комиссара на игру Фиба,   да,,10,,
,,   Комиссии,,,,,   Подумать над судейскими семинарами
,315,      Участник судейского комитета,   да,,10,,
,316,      Участник комиссии по назначению,   да,,10,,   Назначение судей и комиссаров у Жени
,317,      Участник дисциплинарной комисии,   да,,10,,
,318,      Участник просмотровой комиссии,   да,,10,,
,319,      Участник учебно-методической комиссии,   да,,10,,
,,   Тренеры,,,,   Поговорить с Мацаком по категориям тренеров,"   добавить Заслуженный тренер России
Добавить тренеров всех сборных
На будущее по лигам
Общее количество тренеров по 5 фк"
,,   Тренеры вертикаль,,,,,   присваиваем за полный отыгранный сезон
,,      Тренер в УОР,,,,,   присваиваем за полный отыгранный сезон
,,      Помощник тренера молодожной сборной U14,,,,,
,,      Главный тренер молодожной сборной U14,,,,,
,,      Тренер в ДЮБЛ (помощник тренера),,,,,   присваиваем за полный отыгранный сезон
,,      Тренер в ДЮБЛ (главный тренер),,,,,   присваиваем за полный отыгранный сезон
,,      Помощник тренера молодожной сборной U16,,,,,   присваиваем за полный отыгранный сезон
,,      Главный тренер молодожной сборной U16,,,,,   присваиваем за полный отыгранный сезон
,,      Помощник тренера молодожной сборной U18,,,,,   присваиваем за полный отыгранный сезон
,,      Главный тренер молодожной сборной U18,,,,,   присваиваем за полный отыгранный сезон
,,      Тренер в МЛ ВТБ (помощник тренера) / Момощник тренера студенческой сборной,,,,,   присваиваем за полный отыгранный сезон
,,      Тренер в МЛ ВТБ (главный тренер) /Главный тренер студенческой сборной,,,,,   присваиваем за полный отыгранный сезон
,,      Помощник тренера молодожной сборной U20,,,,,   присваиваем за полный отыгранный сезон
,,      Главный тренер молодожной сборной U20,,,,,   присваиваем за полный отыгранный сезон
,,      Тренер в Высшей лиге (помощник тренера),,,,,   присваиваем за полный отыгранный сезон
,,      Тренер в Высшей лиге (главный тренер),,,,,   присваиваем за полный отыгранный сезон
,,      Тренер в Суперлиге (помощник тренера),,,,,   присваиваем за полный отыгранный сезон
,,      Тренер в Суперлиге (главный тренер),,,,,   присваиваем за полный отыгранный сезон
,,      Тренер в ВТБ/Премьер-лиге (помощник тренера),,,,,   присваиваем за полный отыгранный сезон
,,      Тренер в ВТБ/Премьер-лиге (главный тренер),,,,,   присваиваем за полный отыгранный сезон
,,      Момощник тренера национальной сборной,,,,,   присваиваем за полный отыгранный сезон
,,      Главный тренер национальной сборной,,,,,   присваиваем за полный отыгранный сезон
,,   Квалификация тренера,,,,,
,,   3 КВ,   да,да,,,
,,   2 КВ,   да,да,,,
,,   1 КВ,   да,да,,,
,,   Высшая КВ,   да,да,,,
3х3,9,Сборные команды России 3х3,,,,,
,,   Мужчины,,,,,
,320,      Сборная 3х3 U18,   да,да,10,,
,321,      Сборная 3х3 U21,   да,да,10,,
,322,      Сборная 3х3 U23,   да,да,10,,
,323,      Национальная Сборная 3х3,   да,да,10,,
,,   Женщины,,,,,
,324,      Сборная 3х3 U18,   да,да,10,,
,325,      Сборная 3х3 U21,   да,да,10,,
,326,      Сборная 3х3 U23,   да,да,10,,
,327,      Национальная Сборная 3х3,   да,да,10,,
3х3,10,Профессиональный баскетбол 3х3,,,,,Проставить места за турниры 3х3
,,   Участие профессиональных мужских команд,,,,,
,328,      Команда 3х3 в Кубке России,   да,да,10,,
,329,      Команда 3х3 в Лайт квесте (помимо ЧР и КР),,да,10,,"   Лайт квесты – соренования, дающие путевку на Челленджеры"
,330,      Команда 3х3 в Квалификации ЧР 3х3,   да,да,10,,"   Если команда вышлав соответствующий данной квалификации Тандем ( по спортивному принципу или по вайлд-кард), баллы начисляются только за участие в Тандеме"
,331,      Команда 3х3 в Претенденте ЧР 3х3,   да,да,10,,
,332,      Команда 3х3 в Квесте (помимо ЧР и КР),   да,да,10,,"   Квесты – соревнования, дающие путевку на Мастерсы"
,333,      Команда 3х3 в Мастерсе или финале ЧР 3х3,   да,да,10,,
,334,      Команда 3х3 в Спартакиаде сильнейших спортсменов,   да,да,10,,
,335,      Команда 3х3 в Суперквесте и Элитквесте,   да,да,10,,
,336,      Команда 3х3 в Челленджере,   да,да,10,,
,337,      Команда 3х3 в Мировом туре,   да,да,10,,
,,   Участие профессиональных женских команд,,,,,
,338,      Команда 3х3 в Кубке России 3х3,   да,да,10,,
,339,      Команда 3х3 в Квалификации ЧР  3х3,   да,да,10,,
,340,      Команда 3х3 в Претенденте ЧР 3х3,   да,да,10,,
,341,      Команда 3х3 в Тандеме или финале ЧР 3х3,   да,да,10,,
,342,      Команда 3х3 в Спартакиаде сильнейших спортсменов,   да,да,10,,
,,   Призовые места профессиональных мужских команд,,,,,
,341,      3 место в Кубке России 3х3,   да,,10,,
,342,      2 место в Кубке России 3х3,   да,,10,,
,343,      1 место в Кубке России 3х3,   да,,10,,
,344,      3 место в Лайт-квесте (помимо ЧР и КР),,,10,,
,345,      2 место в Лайт-квесте (помимо ЧР и КР),,,10,,
,346,      1 место в Лайт-квесте (помимо ЧР и КР),,,10,,
,347,      3 место в Квесте (помимо ЧР и КР),,,10,,
,348,      2 место в Квесте (помимо ЧР и КР),,,10,,
,349,      1 место в Квесте (помимо ЧР и КР),,,10,,
,350,      3 место в этапе Мастерса ЧР 3х3,   да,,10,,
,351,      2 место в этапе Мастерса ЧР 3х3,   да,,10,,
,352,      1 место в этапе Мастерса ЧР 3х3,   да,,10,,
,353,      3 место в Спартакиаде сильнейших спортсменов 3х3,   да,,10,,
,354,      2 место в Спартакиаде сильнейших спортсменов 3х3,   да,,10,,
,355,      1 место в Спартакиаде сильнейших спортсменов 3х3,   да,,10,,
,356,      3 место в Финале ЧР 3х3,   да,,10,,
,357,      2 место в Финале ЧР 3х3,   да,,10,,
,358,      1 место в Финале ЧР 3х3,   да,,10,,
,359,      1 место в Суперкубке России 3х3,   да,,10,,
,360,      3 место в этапе Суперквесте и Элитквесте,   да,,"11,3",,
,361,      2 место в этапе Суперквесте и Элитквесте,   да,,"11,3",,
,362,      1 место в этапе Суперквесте и Элитквесте,   да,,"11,7",,
,363,      3 место в Челленджере,   да,,"11,7",,
,364,      2 место в Челленджере,   да,,12,,
,365,      1 место в Челленджере,   да,,13,,
,366,      3 место в этапе Мирового тура (Мастерсе / Финале МТ),   да,,13,,
,367,      2 место в этапе Мирового тура (Мастерсе / Финале МТ),   да,,"13,3",,
,368,      1 место в этапе Мирового тура (Мастерсе / Финале МТ),   да,,"13,3",,
,,   Призовые места профессиональных женских команд,,,,,
,369,      3 место в Кубке России 3х3,   да,,"13,3",,
,370,      2 место в Кубке России 3х3,   да,,15,,
,371,      1 место в Кубке России 3х3,   да,,15,,
,372,      3 место в этапе Тандема ЧР 3х3,   да,,15,,
,373,      2 место в этапе Тандема ЧР 3х3,   да,,15,,
,374,      1 место в этапе Тандема ЧР 3х3,   да,,15,,
,375,      3 место в Спартакиаде сильнейших спортсменов 3х3,   да,,15,,
,376,      2 место в Спартакиаде сильнейших спортсменов 3х3,   да,,15,,
,377,      1 место в Спартакиаде сильнейших спортсменов 3х3,   да,,15,,
,378,      3 место в Финале ЧР 3х3,   да,,15,,
,379,      2 место в Финале ЧР 3х3,   да,,15,,
,380,      1 место в Финале ЧР 3х3,   да,,15,,
,381,      1 место в Суперкубке России 3х3,   да,,15,,
3х3,11,Резерв 3х3,,,,,
,,   Участие мужских команд,,,,,
,382,      Команда в Первенстве России 3х3 U18,   да,да,15,,
,383,      Команда в Мастерсе или Финале Первенства России 3х3 U23,   да,да,15,,
,,   Участие женских команд,,,,,
,384,      Команда в Первенстве России 3х3 U18,   да,да,15,,
,385,      Команда в Тандеме или Финале Первенства России 3х3 U23,   да,да,15,,
,,   Призовые места Резерв 3х3 мужчины,,,,,
,386,      3 место в Первенстве России 3х3 U18,   да,,15,,
,387,      2 место в Первенстве России 3х3 U18,   да,,15,,
,388,      1 место в Первенстве России 3х3 U18,   да,,15,,
,389,      3 место в Первенстве России 3х3 U23,   да,,15,,
,390,      2 место в Первенстве России 3х3 U23,   да,,15,,
,391,      1 место в Первенстве России 3х3 U23,   да,,15,,
,,   Призовые места Резерв 3х3 женщины,,,,,
,392,      3 место в Первенстве России 3х3 U18,   да,,15,,
,393,      2 место в Первенстве России 3х3 U18,   да,,15,,
,394,      1 место в Первенстве России 3х3 U18,   да,,15,,
,395,      3 место в Первенстве России 3х3 U23,   да,,15,,
,396,      2 место в Первенстве России 3х3 U23,   да,,15,,
,397,      1 место в Первенстве России 3х3 U23,   да,,15,,
3х3,12,Массовый баскетбол 3х3,,,,,"Только то, что есть в ЕКП"
,,   Мужские команды в соревнованиях из федер ЕКП,,,,,
,398,      Команда U18 3х3,,да,15,,"   Категория U18 – игроки, которым в год проведения соревнования и младше исполняется 18 лет. Укажите названия команд U18, итоговое место, а также прикрепите ссылки на турниры с сайта play.fiba3x3.com."
,399,      Команда без возрастных ограничений 3х3,,да,15,,
,,   Женские команды в соревнованиях из федер ЕКП,,,,,
,400,      Команда U18 3х3,,да,15,,"   Категория U18 – игроки, которым в год проведения соревнования и младше исполняется 18 лет. Укажите названия команд U18, итоговое место, а также прикрепите ссылки на турниры с сайта play.fiba3x3.com."
,401,      Команда без возрастных ограничений 3х3,,да,"16,7",,
,,   Мужские команды неофициальном международном турнире,,,,,
,402,   Команда 3х3 в неофициальном международном турнире,   да,,15,,"   (Moscow open, екл)"
,,   Женские команды неофициальном международном турнире,,,,,
,403,   Команда 3х3 в неофициальном международном турнире,   да,,"16,7",,"   (Moscow open, екл)"
,,   Призовые места Массовый баскетбол 3х3 мужчины,,,,,
,402,      3 место в соревнованиях из федер ЕКП 3х3 U18,,,"16,7",,
,403,      2 место в соревнованиях из федер ЕКП 3х3 U18,,,"16,7",,
,404,      1 место в соревнованиях из федер ЕКП 3х3 U18,,,17,,
,405,      3 место в соревнованиях из федер ЕКП 3х3 U23,,,17,,
,406,      2 место в соревнованиях из федер ЕКП 3х3 U23,,,"17,5",,
,407,      1 место в соревнованиях из федер ЕКП 3х3 U23,,,"17,5",,
,408,      3 место в неофициальных международных соревнованиях ,,,"17,5",,
,409,      2 место в неофициальных международных соревнованиях ,,,"17,5",,
,410,      1 место в неофициальных международных соревнованиях ,,,20,,
,,   Призовые места Массовый баскетбол 3х3 женщины,,,,,
,408,      3 место в соревнованиях из федер ЕКП 3х3 U18,,,20,,
,409,      2 место в соревнованиях из федер ЕКП 3х3 U18,,,20,,
,410,      1 место в соревнованиях из федер ЕКП 3х3 U18,,,20,,
,411,      3 место в соревнованиях из федер ЕКП 3х3 U23,,,20,,
,412,      2 место в соревнованиях из федер ЕКП 3х3 U23,,,20,,
,413,      1 место в соревнованиях из федер ЕКП 3х3 U23,,,20,,
,414,      3 место в неофициальных международных соревнованиях ,,,20,,
,415,      2 место в неофициальных международных соревнованиях ,,,20,,
,416,      1 место в неофициальных международных соревнованиях ,,,20,,
3х3,13,Баскетбольные мероприятия 3х3,,,,,"Начисляем за целый турнир
Отдельно мероприятия мужских и женских соренований, даже если проходят в одно время и в одном месте"
,414,   Турнир 3х3 из регионального КП,,,20,,
,415,   Этап регионального соренования АСБ 3х3,   да,,20,,
,,   Этап отборочного соревнования к ПР U23 3х3,   да,,20,,
,416,   Этап отборочного соревнования к ПР U18 3х3,   да,,"22,5",,
,417,   Этап отборочного соренования к КР 3х3,   да,,"22,5",,
,418,   Прочие внутриросийские турниры 3х3,,,"22,5",,
,419,   Этап или финал ПР U23 3х3,   да,,"22,5",,
,420,   Этап или финал ПР U18 3х3,   да,,"22,5",,
,421,   Этап лайт-квеста,,,25,,
,422,   Этап квеста (помимо ЧР и КР),,,25,,
,423,   Прочие международные турниры 3х3 из фед ЕКП,,,25,,
,424,   Этап женской мировой серии 3х3,   да,,25,,
,425,   Суперфинал АСБ 3х3,   да,,25,,
,426,   Квалификация ЧР 3х3,   да,,25,,
,427,   Претендент / Мастерс ЧР 3х3,   да,,25,,
,427,   КР 3х3,   да,,25,,
,428,   Тандем Лиги Наций 3х3,   да,,"26,7",,
,429,   Неофициальные международные турниры,   да,,"26,7",,
,430,   Международные турниры,   да,,30,,
,431,   Элит-квест,   да,,30,,
,,   Международные лиги,   да,,30,,
,432,   Финал ЧР 3х3,   да,,30,,
,433,   Суперквест,   да,,30,,
,434,   Челленджер ФИБА 3х3,   да,,30,,
,435,   Мастерс ФИБА 3х3,   да,,30,,
,436,   Кубок Европы 3х3,   да,,30,,
,437,   Кубок Мира 3х3,   да,,"33,3",,
3х3,14,Судьи 3х3,,,,,
,436,   Судейский очный семинар 3х3 инструктором РФБ,   да,да,"33,3",,
,,   Судьи с категорями и лицензиям РФБ,,,,,
,437,      Судья 3х3 (Лицензия Б),   да,да,"33,3",,
,438,"      Лицо, имеющее лицензию судьи-секретаря в системе Play.Fiba 3x3",   да,,35,,
,439,"      Судья с лицензией Б, получивший назначение от РФБ",   да,,40,,"За сам факт за сезон, а не за каждый тур"
,440,      Судья ЧР 3х3 (Лицензия А),   да,,40,,
,441,      Главный судья ЧР 3х3 (Лицензия А),   да,,40,,
,,   Судьи с категориями Фиба,,,,,
,442,      Судья с категорией А Фиба,   да,,40,,
,443,      Судья с категорией B Фиба,   да,,40,,
,444,      Судья с категорией C Фиба,   да,,45,,
,445,      Назначение на международные турниры 5-6 цвета судьи с категорией Фиба,   да,,45,,
,446,      Назначение на международные турниры 7-8 цвета судьи с категорией Фиба,   да,,45,,
,447,      Назначение на международные турниры 9-10 цвета судьи с категорией Фиба,   да,,45,,
,15,Прочее,,,,,
,,   тихий!баскетбол,,,,,
,449,      Команда в ЧР по баскетболу среди глухих,      да,,45,,
,450,      Команда в ЧР по баскетболу среди ЛИН,      да,,45,,
,,      Команда 3х3 в Лиге сильных людей,      да,,45,,
,451,      Принятие тура/ соревнований,      да,,50,,
,453,      Команда в ЧР по баскетболу на колясках,      да,,50,,
,,      Участие в Гранте «тихий!баскетбол»,      да,,50,,
,,   Участие команд интерактивный баскетбол,,,,,
,454,      Команда в ЧР по интер баскетболу,      да,,50,,
,455,      Команда КР по интер баскетболу,      да,,50,,
,,   Призовые места интерактивный баскетбол,,,,,
,456,      3 место в ЧР по интер баскетболу,      да,,50,,
,457,      2 место в ЧР по интер баскетболу,      да,,,,
,458,      1 место в ЧР по интер баскетболу,      да,,,,
,459,      3 место в КР по интер баскетболу,      да,,,,
,460,      2 место в КР по интер баскетболу,      да,,,,
,461,      1 место в КР по интер баскетболу,      да,,,,
,462,Оффлайн турниры по интер баскетболу,      да,,,,"(Главное, чтобы давали площадку)"